{"cameraMode":{"drawMode":0,"name":"Shaded","section":"Shading Mode"},"sceneLighting":true,"audioPlay":false,"sceneViewState":{"m_AlwaysRefresh":false,"showFog":true,"showSkybox":true,"showFlares":true,"showImageEffects":true,"showParticleSystems":true,"showVisualEffectGraphs":true,"m_FxEnabled":true},"in2DMode":false,"pivot":{"x":1.456730604171753,"y":-3.609236240386963,"z":11.406804084777832},"rotation":{"x":-0.2043125182390213,"y":0.021138524636626245,"z":-0.0044128140434622768,"w":-0.9786685705184937},"size":8.773933410644532,"orthographic":false}